ElapsedSeconds,Throughput_Ethernet_Mbps,Throughput_Ethernet_5_Mbps,Throughput_Ethernet_6_Mbps,Throughput_Ethernet_7_Mbps,Throughput_Tailscale_Mbps
0,0,0,0,0,0
5,0,0,0,0,0
10,0,0,0,0,0
15,0,0,0,0,0
20,0,0,0,0,0
25,0,0,0,0,0
30,0,0,0,0,0
35,0,0,0,0,0
40,0,0,0,0,0
45,0,0,0,0,0
50,0,0,0,0,0
55,0,0,0,0,0
60,0,0,0,0,0
65,0,0,0,0,0
70,0,0,0,0,0
75,0,0,0,0,0
80,0,0,0,0,0
85,0,0,0,0,0
90,0,0,0,0,0
95,0,0,0,0,0
100,0,0,0,0,0
105,0,0,0,0,0
110,0,0,0,0,0
115,0,0,0,0,0
120,0,0,0,0,0
125,0,0,0,0,0
130,0,0,0,0,0
135,0,0,0,0,0
140,0,0,0,0,0
145,0,0,0,0,0
150,0,0,0,0,0
155,0,0,0,0,0
160,0,0,0,0,0
165,0,0,0,0,0
170,0,0,0,0,0
175,0,0,0,0,0
180,0,0,0,0,0
185,0,0,0,0,0
190,0,0,0,0,0
195,0,0,0,0,0
200,0,0,0,0,0
205,0,0,0,0,0
210,0,0,0,0,0
215,0,0,0,0,0
220,0,0,0,0,0
225,0,0,0,0,0
230,0,0,0,0,0
235,0,0,0,0,0
240,0,0,0,0,0
245,0,0,0,0,0
250,0,0,0,0,0
255,0,0,0,0,0
260,0,0,0,0,0
265,0,0,0,0,0
270,0,0,0,0,0
275,0,0,0,0,0
280,0,0,0,0,0
285,0,0,0,0,0
290,0,0,0,0,0
295,0,0,0,0,0
300,0,0,0,0,0
305,0,0,0,0,0
310,0,0,0,0,0
315,0,0,0,0,0
320,0,0,0,0,0
325,0,0,0,0,0
330,0,0,0,0,0
335,0,0,0,0,0
340,0,0,0,0,0
345,0,0,0,0,0
350,0,0,0,0,0
355,0,0,0,0,0
360,0,0,0,0,0
365,0,0,0,0,0
370,0,0,0,0,0
375,0,0,0,0,0
380,0,0,0,0,0
385,0,0,0,0,0
390,0,0,0,0,0
395,0,0,0,0,0
400,0,0,0,0,0
405,0,0,0,0,0
410,0,0,0,0,0
415,0,0,0,0,0
420,0,0,0,0,0
425,0,0,0,0,0
430,0,0,0,0,0
435,0,0,0,0,0
440,0,0,0,0,0
445,0,0,0,0,0
450,0,0,0,0,0
455,0,0,0,0,0
460,0,0,0,0,0
465,0,0,0,0,0
470,0,0,0,0,0
475,0,0,0,0,0
480,0,0,0,0,0
485,0,0,0,0,0
490,0,0,0,0,0
495,0,0,0,0,0
500,0,0,0,0,0
505,0,0,0,0,0
510,0,0,0,0,0
515,0,0,0,0,0
520,0,0,0,0,0
525,0,0,0,0,0
530,0,0,0,0,0
535,0,0,0,0,0
540,0,0,0,0,0
545,0,0,0,0,0
550,0,0,0,0,0
555,0,0,0,0,0
560,0,0,0,0,0
565,0,0,0,0,0
570,0,0,0,0,0
575,0,0,0,0,0
580,0,0,0,0,0
585,0,0,0,0,0
590,0,0,0,0,0
595,0,0,0,0,0
600,954.7916006835791,692.4415295977835,684.6636489155321,1031.6077387297833,0
605,955.1549191294325,692.4415295977835,684.6636489155321,1031.6077387297833,0
610,954.1793259067969,692.4415295977835,684.6636489155321,1031.6077387297833,0
615,955.2971176576347,692.4415295977835,684.6636489155321,1031.6077387297833,0
620,954.2335771789876,692.4415295977835,684.6636489155321,1031.6077387297833,0
625,955.1806935720797,692.4415295977835,684.6636489155321,1031.6077387297833,0
630,955.3836573232785,692.4415295977835,684.6636489155321,1031.6077387297833,0
635,954.4989360470173,692.4415295977835,684.6636489155321,1031.6077387297833,0
640,955.7359783503119,692.4415295977835,684.6636489155321,1031.6077387297833,0
645,954.9766917844242,692.4415295977835,684.6636489155321,1031.6077387297833,0
650,955.0943780918453,692.4415295977835,684.6636489155321,1031.6077387297833,0
655,954.4918229539735,692.4415295977835,684.6636489155321,1031.6077387297833,0
660,954.209537492077,692.4415295977835,684.6636489155321,1031.6077387297833,0
665,955.5251736077028,692.4415295977835,684.6636489155321,1031.6077387297833,0
670,954.6225897737446,692.4415295977835,684.6636489155321,1031.6077387297833,0
675,954.6744571179632,692.4415295977835,684.6636489155321,1031.6077387297833,0
680,954.9022158367555,692.4415295977835,684.6636489155321,1031.6077387297833,0
685,954.7957213643118,692.4415295977835,684.6636489155321,1031.6077387297833,0
690,955.684370906921,692.4415295977835,684.6636489155321,1031.6077387297833,0
695,954.9652620164856,692.4415295977835,684.6636489155321,1031.6077387297833,0
700,955.4093503397091,692.4415295977835,684.6636489155321,1031.6077387297833,0
705,955.2290595529519,692.4415295977835,684.6636489155321,1031.6077387297833,0
710,954.4013274594845,692.4415295977835,684.6636489155321,1031.6077387297833,0
715,954.9900893197361,692.4415295977835,684.6636489155321,1031.6077387297833,0
720,954.9433401124613,692.4415295977835,684.6636489155321,1031.6077387297833,0
725,954.9127073427462,692.4415295977835,684.6636489155321,1031.6077387297833,0
730,955.5198273002719,692.4415295977835,684.6636489155321,1031.6077387297833,0
735,955.3370570935788,692.4415295977835,684.6636489155321,1031.6077387297833,0
740,954.4567270074539,692.4415295977835,684.6636489155321,1031.6077387297833,0
745,955.762534897572,692.4415295977835,684.6636489155321,1031.6077387297833,0
750,955.2955238996701,692.4415295977835,684.6636489155321,1031.6077387297833,0
755,954.9633883101388,692.4415295977835,684.6636489155321,1031.6077387297833,0
760,954.5141921172575,692.4415295977835,684.6636489155321,1031.6077387297833,0
765,954.7534860728729,692.4415295977835,684.6636489155321,1031.6077387297833,0
770,955.5656011320416,692.4415295977835,684.6636489155321,1031.6077387297833,0
775,955.5581907265193,692.4415295977835,684.6636489155321,1031.6077387297833,0
780,955.2726493712628,692.4415295977835,684.6636489155321,1031.6077387297833,0
785,955.1574496494936,692.4415295977835,684.6636489155321,1031.6077387297833,0
790,954.7711851082369,692.4415295977835,684.6636489155321,1031.6077387297833,0
795,954.8152950835271,692.4415295977835,684.6636489155321,1031.6077387297833,0
800,955.8236299427887,692.4415295977835,684.6636489155321,1031.6077387297833,0
805,955.3144618381342,692.4415295977835,684.6636489155321,1031.6077387297833,0
810,955.4984426688037,692.4415295977835,684.6636489155321,1031.6077387297833,0
815,955.5891463477606,692.4415295977835,684.6636489155321,1031.6077387297833,0
820,954.6530166840204,692.4415295977835,684.6636489155321,1031.6077387297833,0
825,954.6819474528786,692.4415295977835,684.6636489155321,1031.6077387297833,0
830,954.9692905100288,692.4415295977835,684.6636489155321,1031.6077387297833,0
835,955.1181812374941,692.4415295977835,684.6636489155321,1031.6077387297833,0
840,955.3589970780563,692.4415295977835,684.6636489155321,1031.6077387297833,0
845,954.6924341192258,692.4415295977835,684.6636489155321,1031.6077387297833,0
850,955.4646794099832,692.4415295977835,684.6636489155321,1031.6077387297833,0
855,955.7166483641366,692.4415295977835,684.6636489155321,1031.6077387297833,0
860,954.7872927372063,692.4415295977835,684.6636489155321,1031.6077387297833,0
865,955.1004693350559,692.4415295977835,684.6636489155321,1031.6077387297833,0
870,955.0407785016105,692.4415295977835,684.6636489155321,1031.6077387297833,0
875,954.9818446381347,692.4415295977835,684.6636489155321,1031.6077387297833,0
880,955.2532443802088,692.4415295977835,684.6636489155321,1031.6077387297833,0
885,954.7675328726036,692.4415295977835,684.6636489155321,1031.6077387297833,0
890,955.4032551560385,692.4415295977835,684.6636489155321,1031.6077387297833,0
895,954.912145291938,692.4415295977835,684.6636489155321,1031.6077387297833,0
900,954.7830784794572,692.4415295977835,684.6636489155321,1031.6077387297833,0
905,954.8822638766476,692.4415295977835,684.6636489155321,1031.6077387297833,0
910,954.9810951286846,692.4415295977835,684.6636489155321,1031.6077387297833,0
915,954.9277892865099,692.4415295977835,684.6636489155321,1031.6077387297833,0
920,955.0714194888315,692.4415295977835,684.6636489155321,1031.6077387297833,0
925,954.3464957267304,692.4415295977835,684.6636489155321,1031.6077387297833,0
930,955.5524688464615,692.4415295977835,684.6636489155321,1031.6077387297833,0
935,955.2425579101798,692.4415295977835,684.6636489155321,1031.6077387297833,0
940,955.1711334347027,692.4415295977835,684.6636489155321,1031.6077387297833,0
945,954.6244621429864,692.4415295977835,684.6636489155321,1031.6077387297833,0
950,955.4562389681029,692.4415295977835,684.6636489155321,1031.6077387297833,0
955,954.9675104738069,692.4415295977835,684.6636489155321,1031.6077387297833,0
960,954.9622640898602,692.4415295977835,684.6636489155321,1031.6077387297833,0
965,955.3539339152719,692.4415295977835,684.6636489155321,1031.6077387297833,0
970,955.1192121091881,692.4415295977835,684.6636489155321,1031.6077387297833,0
975,955.386095287393,692.4415295977835,684.6636489155321,1031.6077387297833,0
980,955.2542755434743,692.4415295977835,684.6636489155321,1031.6077387297833,0
985,955.3093053943624,692.4415295977835,684.6636489155321,1031.6077387297833,0
990,954.6435607287973,692.4415295977835,684.6636489155321,1031.6077387297833,0
995,955.1357063589327,692.4415295977835,684.6636489155321,1031.6077387297833,0
1000,955.3242123566869,692.4415295977835,684.6636489155321,1031.6077387297833,0
1005,954.4852715146982,692.4415295977835,684.6636489155321,1031.6077387297833,0
1010,955.0688894245926,692.4415295977835,684.6636489155321,1031.6077387297833,0
1015,955.4568016595889,692.4415295977835,684.6636489155321,1031.6077387297833,0
1020,954.4753509350013,692.4415295977835,684.6636489155321,1031.6077387297833,0
1025,955.3934092543918,692.4415295977835,684.6636489155321,1031.6077387297833,0
1030,954.8399272677124,692.4415295977835,684.6636489155321,1031.6077387297833,0
1035,955.1151823506734,692.4415295977835,684.6636489155321,1031.6077387297833,0
1040,954.3953387043703,692.4415295977835,684.6636489155321,1031.6077387297833,0
1045,954.6583532958972,692.4415295977835,684.6636489155321,1031.6077387297833,0
1050,954.341536853389,692.4415295977835,684.6636489155321,1031.6077387297833,0
1055,955.4588648673744,692.4415295977835,684.6636489155321,1031.6077387297833,0
1060,954.9114895668315,692.4415295977835,684.6636489155321,1031.6077387297833,0
1065,955.414882958375,692.4415295977835,684.6636489155321,1031.6077387297833,0
1070,954.5351583100131,692.4415295977835,684.6636489155321,1031.6077387297833,0
1075,955.4198529924887,692.4415295977835,684.6636489155321,1031.6077387297833,0
1080,955.5005998469904,692.4415295977835,684.6636489155321,1031.6077387297833,0
1085,955.4018485862358,692.4415295977835,684.6636489155321,1031.6077387297833,0
1090,954.5683878681804,692.4415295977835,684.6636489155321,1031.6077387297833,0
1095,954.4776906757807,692.4415295977835,684.6636489155321,1031.6077387297833,0
1100,954.9404360040943,692.4415295977835,684.6636489155321,1031.6077387297833,0
1105,955.5846435872963,692.4415295977835,684.6636489155321,1031.6077387297833,0
1110,955.2735868304073,692.4415295977835,684.6636489155321,1031.6077387297833,0
1115,955.2210919516939,692.4415295977835,684.6636489155321,1031.6077387297833,0
1120,954.9862480299143,692.4415295977835,684.6636489155321,1031.6077387297833,0
1125,955.3854389112151,692.4415295977835,684.6636489155321,1031.6077387297833,0
1130,955.1987833752681,692.4415295977835,684.6636489155321,1031.6077387297833,0
1135,954.5771870681825,692.4415295977835,684.6636489155321,1031.6077387297833,0
1140,954.8680263679469,692.4415295977835,684.6636489155321,1031.6077387297833,0
1145,955.5404625012258,692.4415295977835,684.6636489155321,1031.6077387297833,0
1150,954.5268278820799,692.4415295977835,684.6636489155321,1031.6077387297833,0
1155,954.2868055427566,692.4415295977835,684.6636489155321,1031.6077387297833,0
1160,955.1642914930894,692.4415295977835,684.6636489155321,1031.6077387297833,0
1165,955.087912087912,692.4415295977835,684.6636489155321,1031.6077387297833,0
1170,955.5043514844283,692.4415295977835,684.6636489155321,1031.6077387297833,0
1175,954.3997366890769,692.4415295977835,684.6636489155321,1031.6077387297833,0
1180,955.3337755586039,692.4415295977835,684.6636489155321,1031.6077387297833,0
1185,955.1027184291123,692.4415295977835,684.6636489155321,1031.6077387297833,0
1190,955.3679046243242,692.4415295977835,684.6636489155321,1031.6077387297833,0
1195,955.0001142948299,692.4415295977835,684.6636489155321,1031.6077387297833,0
1200,954.5807442376326,692.4415295977835,684.6636489155321,1031.6077387297833,0
1205,955.0012386042281,692.4415295977835,684.6636489155321,1031.6077387297833,0
1210,954.7856070296424,692.4415295977835,684.6636489155321,1031.6077387297833,0
1215,955.1435788153273,692.4415295977835,684.6636489155321,1031.6077387297833,0
1220,954.0820632094598,692.4415295977835,684.6636489155321,1031.6077387297833,0
1225,954.4437187655624,692.4415295977835,684.6636489155321,1031.6077387297833,0
1230,954.7816737351412,692.4415295977835,684.6636489155321,1031.6077387297833,0
1235,955.10974691631,692.4415295977835,684.6636489155321,1031.6077387297833,0
1240,954.8198842534489,692.4415295977835,684.6636489155321,1031.6077387297833,0
1245,955.1655099138745,692.4415295977835,684.6636489155321,1031.6077387297833,0
1250,955.1225858866541,692.4415295977835,684.6636489155321,1031.6077387297833,0
1255,955.3051802794239,692.4415295977835,684.6636489155321,1031.6077387297833,0
1260,954.7061045837634,692.4415295977835,684.6636489155321,1031.6077387297833,0
1265,954.9225433389921,692.4415295977835,684.6636489155321,1031.6077387297833,0
1270,954.6447778214412,692.4415295977835,684.6636489155321,1031.6077387297833,0
1275,955.3959410382898,692.4415295977835,684.6636489155321,1031.6077387297833,0
1280,955.0204459653556,692.4415295977835,684.6636489155321,1031.6077387297833,0
1285,954.2819408411733,692.4415295977835,684.6636489155321,1031.6077387297833,0
1290,954.1388285475064,692.4415295977835,684.6636489155321,1031.6077387297833,0
1295,955.7112060819101,692.4415295977835,684.6636489155321,1031.6077387297833,0
1300,955.217904948407,692.4415295977835,684.6636489155321,1031.6077387297833,0
1305,955.0484619895508,692.4415295977835,684.6636489155321,1031.6077387297833,0
1310,955.3543089625266,692.4415295977835,684.6636489155321,1031.6077387297833,0
1315,954.8977195476175,692.4415295977835,684.6636489155321,1031.6077387297833,0
1320,955.3048990228845,692.4415295977835,684.6636489155321,1031.6077387297833,0
1325,955.241245553152,692.4415295977835,684.6636489155321,1031.6077387297833,0
1330,955.1547316840356,692.4415295977835,684.6636489155321,1031.6077387297833,0
1335,954.9516778120548,692.4415295977835,684.6636489155321,1031.6077387297833,0
1340,954.8560372162372,692.4415295977835,684.6636489155321,1031.6077387297833,0
1345,955.1372995836814,692.4415295977835,684.6636489155321,1031.6077387297833,0
1350,955.0754488780709,692.4415295977835,684.6636489155321,1031.6077387297833,0
1355,955.4553011504325,692.4415295977835,684.6636489155321,1031.6077387297833,0
1360,955.1788190202559,692.4415295977835,684.6636489155321,1031.6077387297833,0
1365,955.4799663676756,692.4415295977835,684.6636489155321,1031.6077387297833,0
1370,955.4105693857756,692.4415295977835,684.6636489155321,1031.6077387297833,0
1375,954.597126281229,692.4415295977835,684.6636489155321,1031.6077387297833,0
1380,954.9985215277142,692.4415295977835,684.6636489155321,1031.6077387297833,0
1385,954.7503958323996,692.4415295977835,684.6636489155321,1031.6077387297833,0
1390,955.1268968592125,692.4415295977835,684.6636489155321,1031.6077387297833,0
1395,955.0935346950631,692.4415295977835,684.6636489155321,1031.6077387297833,0
1400,954.7087263614295,692.4415295977835,684.6636489155321,1031.6077387297833,0
1405,954.4327696569349,692.4415295977835,684.6636489155321,1031.6077387297833,0
1410,954.8604394479024,692.4415295977835,684.6636489155321,1031.6077387297833,0
1415,954.7240827769324,692.4415295977835,684.6636489155321,1031.6077387297833,0
1420,955.524798426282,692.4415295977835,684.6636489155321,1031.6077387297833,0
1425,954.8947220450494,692.4415295977835,684.6636489155321,1031.6077387297833,0
1430,955.377468701022,692.4415295977835,684.6636489155321,1031.6077387297833,0
1435,954.5469521982047,692.4415295977835,684.6636489155321,1031.6077387297833,0
1440,954.6061132411193,692.4415295977835,684.6636489155321,1031.6077387297833,0
1445,954.5589335893925,692.4415295977835,684.6636489155321,1031.6077387297833,0
1450,954.5804634075017,692.4415295977835,684.6636489155321,1031.6077387297833,0
1455,954.9057754290195,692.4415295977835,684.6636489155321,1031.6077387297833,0
1460,955.3309628322826,692.4415295977835,684.6636489155321,1031.6077387297833,0
1465,955.3195245825397,692.4415295977835,684.6636489155321,1031.6077387297833,0
1470,955.5803284816704,692.4415295977835,684.6636489155321,1031.6077387297833,0
1475,954.9707894930468,692.4415295977835,684.6636489155321,1031.6077387297833,0
1480,954.3858878530971,692.4415295977835,684.6636489155321,1031.6077387297833,0
1485,955.2009392006157,692.4415295977835,684.6636489155321,1031.6077387297833,0
1490,955.2204358022199,692.4415295977835,684.6636489155321,1031.6077387297833,0
1495,954.468144605475,692.4415295977835,684.6636489155321,1031.6077387297833,0
1500,954.4866753869718,692.4415295977835,684.6636489155321,1031.6077387297833,0
1505,954.8000293867441,692.4415295977835,684.6636489155321,1031.6077387297833,0
1510,954.9826878376725,692.4415295977835,684.6636489155321,1031.6077387297833,0
1515,954.8980942367617,692.4415295977835,684.6636489155321,1031.6077387297833,0
1520,955.0222261989242,692.4415295977835,684.6636489155321,1031.6077387297833,0
1525,954.9276956083703,692.4415295977835,684.6636489155321,1031.6077387297833,0
1530,954.8507920570353,692.4415295977835,684.6636489155321,1031.6077387297833,0
1535,954.711629060642,692.4415295977835,684.6636489155321,1031.6077387297833,0
1540,955.0003953719312,692.4415295977835,684.6636489155321,1031.6077387297833,0
1545,954.9779097266464,692.4415295977835,684.6636489155321,1031.6077387297833,0
1550,955.2027201071556,692.4415295977835,684.6636489155321,1031.6077387297833,0
1555,954.8164189577961,692.4415295977835,684.6636489155321,1031.6077387297833,0
1560,954.9948675526414,692.4415295977835,684.6636489155321,1031.6077387297833,0
1565,955.4351385158029,692.4415295977835,684.6636489155321,1031.6077387297833,0
1570,954.743185349089,692.4415295977835,684.6636489155321,1031.6077387297833,0
1575,955.0381548998968,692.4415295977835,684.6636489155321,1031.6077387297833,0
1580,955.2834302625125,692.4415295977835,684.6636489155321,1031.6077387297833,0
1585,954.5233647132563,692.4415295977835,684.6636489155321,1031.6077387297833,0
1590,954.6378497970688,692.4415295977835,684.6636489155321,1031.6077387297833,0
1595,954.5374983440181,692.4415295977835,684.6636489155321,1031.6077387297833,0
1600,955.0369368040011,692.4415295977835,684.6636489155321,1031.6077387297833,0
1605,954.8047120639159,692.4415295977835,684.6636489155321,1031.6077387297833,0
1610,954.2506956710469,692.4415295977835,684.6636489155321,1031.6077387297833,0
1615,954.9160796614896,692.4415295977835,684.6636489155321,1031.6077387297833,0
1620,954.9451200585784,692.4415295977835,684.6636489155321,1031.6077387297833,0
1625,955.2015015914374,692.4415295977835,684.6636489155321,1031.6077387297833,0
1630,955.1457343914952,692.4415295977835,684.6636489155321,1031.6077387297833,0
1635,954.3457472142446,692.4415295977835,684.6636489155321,1031.6077387297833,0
1640,955.1824744031271,692.4415295977835,684.6636489155321,1031.6077387297833,0
1645,955.3251499170369,692.4415295977835,684.6636489155321,1031.6077387297833,0
1650,954.7231463959903,692.4415295977835,684.6636489155321,1031.6077387297833,0
1655,954.9803456204108,692.4415295977835,684.6636489155321,1031.6077387297833,0
1660,954.9837184169074,692.4415295977835,684.6636489155321,1031.6077387297833,0
1665,954.846389914325,692.4415295977835,684.6636489155321,1031.6077387297833,0
1670,954.8920992457395,692.4415295977835,684.6636489155321,1031.6077387297833,0
1675,954.4047897428205,692.4415295977835,684.6636489155321,1031.6077387297833,0
1680,955.5521874442919,692.4415295977835,684.6636489155321,1031.6077387297833,0
1685,955.0043304687227,692.4415295977835,684.6636489155321,1031.6077387297833,0
1690,954.6530166840204,692.4415295977835,684.6636489155321,1031.6077387297833,0
1695,955.3814069059088,692.4415295977835,684.6636489155321,1031.6077387297833,0
1700,954.2001838556398,692.4415295977835,684.6636489155321,1031.6077387297833,0
1705,954.6973030069133,692.4415295977835,684.6636489155321,1031.6077387297833,0
1710,955.2572753038141,692.4415295977835,684.6636489155321,1031.6077387297833,0
1715,955.3529962984235,692.4415295977835,684.6636489155321,1031.6077387297833,0
1720,954.9425906634498,692.4415295977835,684.6636489155321,1031.6077387297833,0
1725,954.6500207175378,692.4415295977835,684.6636489155321,1031.6077387297833,0
1730,955.2508070940668,692.4415295977835,684.6636489155321,1031.6077387297833,0
1735,954.3544487444059,692.4415295977835,684.6636489155321,1031.6077387297833,0
1740,954.7412188725425,692.4415295977835,684.6636489155321,1031.6077387297833,0
1745,954.8482631615809,692.4415295977835,684.6636489155321,1031.6077387297833,0
1750,954.5082019456394,692.4415295977835,684.6636489155321,1031.6077387297833,0
1755,955.7505232729047,692.4415295977835,684.6636489155321,1031.6077387297833,0
1760,954.2576180772068,692.4415295977835,684.6636489155321,1031.6077387297833,0
1765,954.8458279415815,692.4415295977835,684.6636489155321,1031.6077387297833,0
1770,955.0334699326892,692.4415295977835,684.6636489155321,1031.6077387297833,0
1775,955.2808053274493,692.4415295977835,684.6636489155321,1031.6077387297833,0
1780,954.8878840627478,692.4415295977835,684.6636489155321,1031.6077387297833,0
1785,955.0367494049083,692.4415295977835,684.6636489155321,1031.6077387297833,0
1790,954.7538606488349,692.4415295977835,684.6636489155321,1031.6077387297833,0
1795,955.4103818400245,692.4415295977835,684.6636489155321,1031.6077387297833,0
1800,954.9813761945904,955.0403100002472,684.6636489155321,1031.6077387297833,0
1805,954.9191709745953,954.7700613404506,684.6636489155321,1031.6077387297833,0
1810,954.9272272179475,955.3162431680099,684.6636489155321,1031.6077387297833,0
1815,954.9328479333469,954.6339177198599,684.6636489155321,1031.6077387297833,0
1820,955.4219160407039,954.8940663438713,684.6636489155321,1031.6077387297833,0
1825,955.0346880197415,954.6556381701182,684.6636489155321,1031.6077387297833,0
1830,955.4228537928377,954.6724909245243,684.6636489155321,1031.6077387297833,0
1835,954.8034009096779,955.4857811671188,684.6636489155321,1031.6077387297833,0
1840,954.7770849325152,954.8747703980912,684.6636489155321,1031.6077387297833,0
1845,955.6087526119269,954.9644188477196,684.6636489155321,1031.6077387297833,0
1850,954.6263345195729,955.5461842374954,684.6636489155321,1031.6077387297833,0
1855,955.4461106346876,954.7207118141374,684.6636489155321,1031.6077387297833,0
1860,955.0255992912549,955.8025132605028,684.6636489155321,1031.6077387297833,0
1865,954.7237082243352,954.9769728477384,684.6636489155321,1031.6077387297833,0
1870,955.0443391269923,954.778208716835,684.6636489155321,1031.6077387297833,0
1875,954.2144014554965,955.7717315017769,684.6636489155321,1031.6077387297833,0
1880,954.2021481040803,954.1796065009545,684.6636489155321,1031.6077387297833,0
1885,954.7288583483075,955.0248497131223,684.6636489155321,1031.6077387297833,0
1890,954.4221015363105,954.7564826887998,684.6636489155321,1031.6077387297833,0
1895,954.9916820587252,955.0022692235018,684.6636489155321,1031.6077387297833,0
1900,954.9810014400862,954.8826385536627,684.6636489155321,1031.6077387297833,0
1905,955.4770589944943,954.983905795189,684.6636489155321,1031.6077387297833,0
1910,954.93500255846,954.3799928624371,684.6636489155321,1031.6077387297833,0
1915,954.8616570936144,955.4730262158256,684.6636489155321,1031.6077387297833,0
1920,954.9576735511935,954.5929137020295,684.6636489155321,1031.6077387297833,0
1925,954.6564807937074,955.6302359973519,684.6636489155321,1031.6077387297833,0
1930,954.0814086238694,955.1555751889018,684.6636489155321,1031.6077387297833,0
1935,954.8586598174477,954.5603376783613,684.6636489155321,1031.6077387297833,0
1940,954.6136025036226,955.4210720653572,684.6636489155321,1031.6077387297833,0
1945,954.9587977606639,954.9527083243611,684.6636489155321,1031.6077387297833,0
1950,954.3971166082006,954.4412856086021,684.6636489155321,1031.6077387297833,0
1955,955.3547777720091,955.4212596153052,684.6636489155321,1031.6077387297833,0
1960,954.5604312844393,955.2217481020693,684.6636489155321,1031.6077387297833,0
1965,955.4277301336081,955.5281750696751,684.6636489155321,1031.6077387297833,0
1970,955.1375807415417,955.0143557428122,684.6636489155321,1031.6077387297833,0
1975,954.3478991908061,955.0355313125976,684.6636489155321,1031.6077387297833,0
1980,955.2625249297433,955.3651854610081,684.6636489155321,1031.6077387297833,0
1985,955.2141555600018,954.4687997218444,684.6636489155321,1031.6077387297833,0
1990,954.7359749746879,955.4821234624371,684.6636489155321,1031.6077387297833,0
1995,954.5112906184911,954.921981276605,684.6636489155321,1031.6077387297833,0
2000,954.4590666569269,954.9676041597585,684.6636489155321,1031.6077387297833,0
2005,954.9309743541951,955.0111701188848,684.6636489155321,1031.6077387297833,0
2010,954.5980624149893,954.5081083498043,684.6636489155321,1031.6077387297833,0
2015,955.9302599749642,955.0422777090616,684.6636489155321,1031.6077387297833,0
2020,955.4300745459276,955.3677170953229,684.6636489155321,1031.6077387297833,0
2025,954.9634819952817,954.4827445550123,684.6636489155321,1031.6077387297833,0
2030,954.7929118054087,954.8329027510509,684.6636489155321,1031.6077387297833,0
2035,955.3313378615019,955.378500132497,684.6636489155321,1031.6077387297833,0
2040,954.0885156012012,955.2367460707183,684.6636489155321,1031.6077387297833,0
2045,954.801902452101,955.265149764345,684.6636489155321,1031.6077387297833,0
2050,955.2478073743505,954.6332623768077,684.6636489155321,1031.6077387297833,0
2055,954.9752864703358,955.0483682877338,684.6636489155321,1031.6077387297833,0
2060,954.9287260689176,954.818385744134,684.6636489155321,1031.6077387297833,0
2065,954.7514259103347,955.5213280121076,684.6636489155321,1031.6077387297833,0
2070,955.549654832226,954.9409980882062,684.6636489155321,1031.6077387297833,0
2075,954.2323611346106,954.9416538538397,684.6636489155321,1031.6077387297833,0
2080,954.4877984877639,955.0665467844714,684.6636489155321,1031.6077387297833,0
2085,954.3941222476715,954.9294754961672,684.6636489155321,1031.6077387297833,0
2090,954.8782361173047,955.4204156411186,684.6636489155321,1031.6077387297833,0
2095,954.5571550826282,954.8340266667713,684.6636489155321,1031.6077387297833,0
2100,955.4739640682922,954.8490124625413,684.6636489155321,1031.6077387297833,0
2105,954.3966487381294,955.2741493067771,684.6636489155321,1031.6077387297833,0
2110,955.4268861479898,954.6957112497054,684.6636489155321,1031.6077387297833,0
2115,954.5272958797942,954.892380259262,684.6636489155321,1031.6077387297833,0
2120,955.4447977182999,954.9512093981052,684.6636489155321,1031.6077387297833,0
2125,955.1709459829417,955.1002819110295,684.6636489155321,1031.6077387297833,0
2130,954.5126009705886,954.6829773831213,684.6636489155321,1031.6077387297833,0
2135,955.0794783013101,954.9826878376725,684.6636489155321,1031.6077387297833,0
2140,954.9490546998562,954.5342222996237,684.6636489155321,1031.6077387297833,0
2145,954.4145217007897,955.4047555017265,684.6636489155321,1031.6077387297833,0
2150,955.3935967934796,955.6436518764394,684.6636489155321,1031.6077387297833,0
2155,954.7114417891925,954.9557061909894,684.6636489155321,1031.6077387297833,0
2160,954.8533209658851,954.9415601729797,684.6636489155321,1031.6077387297833,0
2165,954.6286750006351,955.3655605170969,684.6636489155321,1031.6077387297833,0
2170,954.8961271220351,954.5122265839079,684.6636489155321,1031.6077387297833,0
2175,954.3338647358008,955.0847259732452,684.6636489155321,1031.6077387297833,0
2180,955.4573643517376,954.902309509896,684.6636489155321,1031.6077387297833,0
2185,955.0866938650884,954.3933736604749,684.6636489155321,1031.6077387297833,0
2190,955.2342151304767,954.7372859437513,684.6636489155321,1031.6077387297833,0
2195,954.9262904384806,954.9248852727262,684.6636489155321,1031.6077387297833,0
2200,954.9793150484555,954.5380599538863,684.6636489155321,1031.6077387297833,0
2205,955.2748992763006,955.0269110558186,684.6636489155321,1031.6077387297833,0
2210,955.4883134406107,955.2721806423807,684.6636489155321,1031.6077387297833,0
2215,954.8792664711115,954.223755370676,684.6636489155321,1031.6077387297833,0
2220,954.6237131944082,955.0037683100528,684.6636489155321,1031.6077387297833,0
2225,955.4235102204267,954.4895767360903,684.6636489155321,1031.6077387297833,0
2230,955.2835240104603,954.3881335829801,684.6636489155321,1031.6077387297833,0
2235,955.0273795440359,955.5755443883795,684.6636489155321,1031.6077387297833,0
2240,954.4940691824288,954.6538593029817,684.6636489155321,1031.6077387297833,0
2245,955.1289586424533,955.3604035216873,684.6636489155321,1031.6077387297833,0
2250,955.501162590728,955.9092324517839,684.6636489155321,1031.6077387297833,0
2255,955.1806935720797,954.9791276719753,684.6636489155321,1031.6077387297833,0
2260,954.951584129228,954.5302910760334,684.6636489155321,1031.6077387297833,0
2265,955.3560904410078,955.1962526361898,684.6636489155321,1031.6077387297833,0
2270,955.3951908786992,955.1529509564328,684.6636489155321,1031.6077387297833,0
2275,955.7968823028071,954.9111148671749,684.6636489155321,1031.6077387297833,0
2280,955.0998133512849,955.2591501635939,684.6636489155321,1031.6077387297833,0
2285,955.4919711926846,954.7605094210726,684.6636489155321,1031.6077387297833,0
2290,954.9786592310966,955.7325064019827,684.6636489155321,1031.6077387297833,0
2295,955.6263895560459,954.9820320156813,684.6636489155321,1031.6077387297833,0
2300,955.1716020644274,955.4432972468469,684.6636489155321,1031.6077387297833,0
2305,954.073273135056,954.5522876243207,684.6636489155321,1031.6077387297833,0
2310,955.4112257964848,955.0161359536754,684.6636489155321,1031.6077387297833,0
2315,955.1265219904885,955.2466824843141,684.6636489155321,1031.6077387297833,0
2320,954.9499915239871,954.5706344570148,684.6636489155321,1031.6077387297833,0
2325,955.0060169487035,954.2090698059,684.6636489155321,1031.6077387297833,0
2330,955.0529596983941,954.441566356849,684.6636489155321,1031.6077387297833,0
2335,955.3694986238096,954.9018411443767,684.6636489155321,1031.6077387297833,0
2340,955.3290876906033,954.1573465438927,684.6636489155321,1031.6077387297833,0
2345,954.9390307967095,955.0569889318733,684.6636489155321,1031.6077387297833,0
2350,954.966573615303,954.9578609192547,684.6636489155321,1031.6077387297833,0
2355,954.8676517023987,955.5731992621055,684.6636489155321,1031.6077387297833,0
2360,954.8180111175403,954.2084150460222,684.6636489155321,1031.6077387297833,0
2365,955.0213829295643,955.4216347154224,684.6636489155321,1031.6077387297833,0
2370,954.6553572959192,954.8968764981182,684.6636489155321,1031.6077387297833,0
2375,955.4368265176903,954.966011501083,684.6636489155321,1031.6077387297833,0
2380,954.7430917071649,954.3968358861028,684.6636489155321,1031.6077387297833,0
2385,954.5004335537988,955.0024566090632,684.6636489155321,1031.6077387297833,0
2390,954.9401549622864,955.3195245825397,684.6636489155321,1031.6077387297833,0
2395,955.1865047294914,954.4851779233601,684.6636489155321,1031.6077387297833,0
2400,954.5855183751409,955.0850071001552,684.6636489155321,1031.6077387297833,0
2405,955.1389865333261,955.6833388149014,684.6636489155321,1031.6077387297833,0
2410,955.8384591040236,954.6241812871317,684.6636489155321,1031.6077387297833,0
2415,955.0992510801983,955.2516507686315,684.6636489155321,1031.6077387297833,0
2420,954.9236674657508,954.7771785811075,684.6636489155321,1031.6077387297833,0
2425,955.4846557165417,955.2163114547383,684.6636489155321,1031.6077387297833,0
2430,955.4337318521194,954.5051132927766,684.6636489155321,1031.6077387297833,0
2435,955.382719648086,955.4095378850553,684.6636489155321,1031.6077387297833,0
2440,954.9957107751763,954.7757738541521,684.6636489155321,1031.6077387297833,0
2445,954.4300558141588,954.2835312189263,684.6636489155321,1031.6077387297833,0
2450,955.2407768550875,954.7925371988042,684.6636489155321,1031.6077387297833,0
2455,954.8759880803534,954.5008079312283,684.6636489155321,1031.6077387297833,0
2460,954.6522676906368,954.5345967035591,684.6636489155321,1031.6077387297833,0
2465,955.5820169966222,954.3282510693755,684.6636489155321,1031.6077387297833,0
2470,954.978565542976,955.1899727119587,684.6636489155321,1031.6077387297833,0
2475,955.4434848055207,954.3962744424028,684.6636489155321,1031.6077387297833,0
2480,954.9129883683983,954.9511157153703,684.6636489155321,1031.6077387297833,0
2485,955.4521125841237,954.3916893435764,684.6636489155321,1031.6077387297833,0
2490,954.6081727765932,954.9690094512368,684.6636489155321,1031.6077387297833,0
2495,954.72558099026,955.5215156014183,684.6636489155321,1031.6077387297833,0
2500,954.748897541189,954.6046154027199,684.6636489155321,1031.6077387297833,0
2505,955.1734765879243,955.406349624183,684.6636489155321,1031.6077387297833,0
2510,955.6662627068658,954.5957220840313,684.6636489155321,1031.6077387297833,0
2515,955.1425478910342,955.0179161711754,684.6636489155321,1031.6077387297833,0
2520,954.9603903952777,954.8476075242053,684.6636489155321,1031.6077387297833,0
2525,954.7331657673899,955.0098583975623,684.6636489155321,1031.6077387297833,0
2530,954.4118079617853,955.3082741122879,684.6636489155321,1031.6077387297833,0
2535,954.5354391134881,955.1850987978271,684.6636489155321,1031.6077387297833,0
2540,955.2242789762471,955.371186393768,684.6636489155321,1031.6077387297833,0
2545,954.946244238492,954.9009044147161,684.6636489155321,1031.6077387297833,0
2550,954.8395526242145,954.8728970468286,684.6636489155321,1031.6077387297833,0
2555,955.0650475008252,955.0609244950691,684.6636489155321,1031.6077387297833,0
2560,954.4519541580958,955.0953152011284,684.6636489155321,1031.6077387297833,0
2565,954.9259157272083,954.5334734926338,684.6636489155321,1031.6077387297833,0
2570,954.51175860097,954.9538325221409,684.6636489155321,1031.6077387297833,0
2575,955.0172603007981,954.4227565894765,684.6636489155321,1031.6077387297833,0
2580,955.5537820587765,954.6268962339813,684.6636489155321,1031.6077387297833,0
2585,954.372600834206,955.3424013559343,684.6636489155321,1031.6077387297833,0
2590,955.3473706359813,954.8504174050116,684.6636489155321,1031.6077387297833,0
2595,955.1032807042812,954.9718200466015,684.6636489155321,1031.6077387297833,0
2600,955.097376848024,954.2245972320372,684.6636489155321,1031.6077387297833,0
2605,955.4599902571949,954.5182168060409,684.6636489155321,1031.6077387297833,0
2610,954.5065172234181,954.2520988533689,684.6636489155321,1031.6077387297833,0
2615,955.1042178310345,955.1104029137263,684.6636489155321,1031.6077387297833,0
2620,954.9769728477384,955.3390260253848,684.6636489155321,1031.6077387297833,0
2625,954.9986152197503,955.5427136679751,684.6636489155321,1031.6077387297833,0
2630,955.3019927150079,954.5034285814585,684.6636489155321,1031.6077387297833,0
2635,954.8904131680772,954.5802761875063,684.6636489155321,1031.6077387297833,0
2640,954.4369808228316,955.0223198956116,684.6636489155321,1031.6077387297833,0
2645,955.6399929629675,954.7763357444383,684.6636489155321,1031.6077387297833,0
2650,954.6313899730446,954.9220749536237,684.6636489155321,1031.6077387297833,0
2655,954.5855183751409,954.5624906228029,684.6636489155321,1031.6077387297833,0
2660,954.4452160990886,955.1724455990905,684.6636489155321,1031.6077387297833,0
2665,954.4155510541042,955.7097986052149,684.6636489155321,1031.6077387297833,0
2670,955.0938158271583,954.834869605298,684.6636489155321,1031.6077387297833,0
2675,954.3786828744023,955.1595115646426,684.6636489155321,1031.6077387297833,0
2680,955.4978799282699,954.9811888173015,684.6636489155321,1031.6077387297833,0
2685,954.3067326265401,955.4768714226385,684.6636489155321,1031.6077387297833,0
2690,954.710411797533,955.0739495664752,684.6636489155321,1031.6077387297833,0
2695,955.1397362906366,955.3839386261951,684.6636489155321,1031.6077387297833,0
2700,954.9168290688895,954.9917757494192,684.6636489155321,1031.6077387297833,0
2705,954.321982553249,955.1311141526319,684.6636489155321,1031.6077387297833,0
2710,954.136396944805,954.4874241205397,684.6636489155321,1031.6077387297833,0
2715,955.1477025347544,955.3063053072376,684.6636489155321,1031.6077387297833,0
2720,955.2990864248151,954.4624357723193,684.6636489155321,1031.6077387297833,0
2725,954.7755865575369,954.9338784050141,684.6636489155321,1031.6077387297833,0
2730,953.9824830136978,954.4644946878791,684.6636489155321,1031.6077387297833,0
2735,954.9576735511935,955.4223849165405,684.6636489155321,1031.6077387297833,0
2740,954.464588275161,955.4913146710194,684.6636489155321,1031.6077387297833,0
2745,954.5326310861745,954.953176739781,684.6636489155321,1031.6077387297833,0
2750,955.0465879567023,955.0347817188742,684.6636489155321,1031.6077387297833,0
2755,954.9362203943467,954.2336707209912,684.6636489155321,1031.6077387297833,0
2760,954.4705778993807,955.1298958195965,684.6636489155321,1031.6077387297833,0
2765,954.3842971341576,954.8780487804877,684.6636489155321,1031.6077387297833,0
2770,955.4446101591107,955.2853052249612,684.6636489155321,1031.6077387297833,0
2775,955.3951908786992,954.4238795398531,684.6636489155321,1031.6077387297833,0
2780,955.357215588735,955.0083592918919,684.6636489155321,1031.6077387297833,0
2785,954.3820514223291,954.4392267931715,684.6636489155321,1031.6077387297833,0
2790,955.4081312967533,955.020071180187,684.6636489155321,1031.6077387297833,0
2795,954.3541680474078,954.4590666569269,684.6636489155321,1031.6077387297833,0
2800,954.5574358990452,955.1731954089307,684.6636489155321,1031.6077387297833,0
2805,954.3667060076854,954.9347215198503,684.6636489155321,1031.6077387297833,0
2810,954.8906005097455,954.834963265226,684.6636489155321,1031.6077387297833,0
2815,955.7035119265893,954.4066612577853,684.6636489155321,1031.6077387297833,0
2820,954.7374732253398,954.9630135697519,684.6636489155321,1031.6077387297833,0
2825,954.1771746904053,955.4161020185603,684.6636489155321,1031.6077387297833,0
2830,955.0815398798359,954.6895315367323,684.6636489155321,1031.6077387297833,0
2835,955.0207270544253,954.8835752474868,684.6636489155321,1031.6077387297833,0
2840,954.4529835921551,954.9487736529754,684.6636489155321,1031.6077387297833,0
2845,955.4594275619532,954.3686709417676,684.6636489155321,1031.6077387297833,0
2850,954.2705276975275,955.165697363502,684.6636489155321,1031.6077387297833,0
2855,955.5985272350197,955.133457109513,684.6636489155321,1031.6077387297833,0
2860,954.5799017477356,954.7935673676737,684.6636489155321,1031.6077387297833,0
2865,955.0355313125976,955.3721240463215,684.6636489155321,1031.6077387297833,0
2870,955.3630288942117,954.8034009096779,684.6636489155321,1031.6077387297833,0
2875,955.2119059410871,955.2512758019743,684.6636489155321,1031.6077387297833,0
2880,955.2217481020693,954.4217272206193,684.6636489155321,1031.6077387297833,0
2885,955.2743367990475,954.9937432582443,684.6636489155321,1031.6077387297833,0
2890,955.0977516938705,954.4296814922284,684.6636489155321,1031.6077387297833,0
2895,954.9276019302489,955.4373891863114,684.6636489155321,1031.6077387297833,0
2900,955.4221973661507,955.3971600501379,684.6636489155321,1031.6077387297833,0
2905,955.4599902571949,954.7792388547855,684.6636489155321,1031.6077387297833,0
2910,954.9770665355464,955.0075160470203,684.6636489155321,1031.6077387297833,0
2915,954.4492402062199,955.058956709417,684.6636489155321,1031.6077387297833,0
2920,955.5280812737029,954.6341049608972,684.6636489155321,1031.6077387297833,0
2925,955.3581532138653,955.3382759551683,684.6636489155321,1031.6077387297833,0
2930,955.0397477992183,954.5073595837854,684.6636489155321,1031.6077387297833,0
2935,955.0788223463729,954.9513967636299,684.6636489155321,1031.6077387297833,0
2940,955.5175762413572,955.322149730394,684.6636489155321,1031.6077387297833,0
2945,954.7242700533411,955.0613930166579,684.6636489155321,1031.6077387297833,0
2950,954.9544883054016,954.5975007345127,684.6636489155321,1031.6077387297833,0
2955,955.4338256295696,955.3724991078583,684.6636489155321,1031.6077387297833,0
2960,953.9226513922847,955.4859687424726,684.6636489155321,1031.6077387297833,0
2965,954.9039019560987,955.0373116024072,684.6636489155321,1031.6077387297833,0
2970,955.3375258861297,955.195034136972,684.6636489155321,1031.6077387297833,0
2975,955.4448914979222,954.933597367066,684.6636489155321,1031.6077387297833,0
2980,955.0717943143032,955.7824298150716,684.6636489155321,1031.6077387297833,0
2985,954.6048962470619,954.9861543403048,684.6636489155321,1031.6077387297833,0
2990,954.9903703909363,955.6024672625919,684.6636489155321,1031.6077387297833,0
2995,955.3805630021285,954.7843895778814,684.6636489155321,1031.6077387297833,0
3000,955.5477788319439,955.1437662563471,954.9991773723535,1031.6077387297833,0
3005,955.0173539965109,954.6110748643902,954.5843950443722,1031.6077387297833,0
3010,954.7632251434118,954.3915021976213,954.598904936943,1031.6077387297833,0
3015,954.4481171961653,954.8869473604702,954.2361963620187,1031.6077387297833,0
3020,954.4590666569269,954.9115832417914,954.7853260789605,1031.6077387297833,0
3025,954.0757044160273,955.1832242287127,954.8912562061638,1031.6077387297833,0
3030,955.0527722930132,954.753298785002,955.0116385916589,1031.6077387297833,0
3035,954.919358327548,955.2150929043438,954.9237611431001,1031.6077387297833,0
3040,955.3616224428507,954.4103107330784,955.4018485862358,1031.6077387297833,0
3045,955.366966980053,954.9617956655253,955.0669216061184,1031.6077387297833,0
3050,954.6307346334629,955.758499708734,954.7857006799064,1031.6077387297833,0
3055,954.6105131686008,954.6559190444825,956.0474302555027,1031.6077387297833,0
3060,955.2639310893433,955.2224979893164,954.9616082959201,1031.6077387297833,0
3065,955.2624311859173,954.587203376251,955.9519455771838,1031.6077387297833,0
3070,954.481808647413,955.3532775832847,955.563818872115,1031.6077387297833,0
3075,955.0636419266818,954.6663115121551,954.7704359294188,1031.6077387297833,0
3080,955.6960055529838,954.8368364676478,954.9620767200712,1031.6077387297833,0
3085,955.5145748459698,955.2423704303835,955.621886444594,1031.6077387297833,0
3090,955.0487430951124,954.9931811120383,955.1366435493177,1031.6077387297833,0
3095,954.7981563287359,955.0614867210307,954.8079899652653,1031.6077387297833,0
3100,955.3526212521995,955.8524439877737,955.419290344522,1031.6077387297833,0
3105,955.332462950926,954.9251663055462,954.6048026322629,1031.6077387297833,0
3110,955.2283096554027,954.9536451556605,954.3738172360438,1031.6077387297833,0
3115,954.472730438947,955.4699313157488,954.1423824506718,1031.6077387297833,0
3120,955.0315959586765,954.0474649163515,954.326005621297,1031.6077387297833,0
3125,954.7650980643713,954.9737874732003,955.079103469807,1031.6077387297833,0
3130,955.0092962323843,954.4014210343795,954.9118642667821,1031.6077387297833,0
3135,954.6565744186422,954.7317611699402,954.9676041597585,1031.6077387297833,0
3140,955.0366557053894,955.0607370865627,955.0419966073058,1031.6077387297833,0
3145,955.2374959815137,955.0944718026909,954.4238795398531,1031.6077387297833,0
3150,954.7247382446847,954.7918816379536,954.3268476630882,1031.6077387297833,0
3155,955.2000018840515,954.9433401124613,954.9152365795705,1031.6077387297833,0
3160,954.3362973450952,955.0197900915035,955.1193058249069,1031.6077387297833,0
3165,955.0726376726902,954.7325102880658,954.5044581265573,1031.6077387297833,0
3170,954.9030588956828,955.2503383866193,955.1115274828223,1031.6077387297833,0
3175,955.7907821735078,954.7600411946447,955.6165390548657,1031.6077387297833,0
3180,955.4189152462455,955.0129503178714,954.0795383842744,1031.6077387297833,0
3185,954.1816641964853,955.1285837721111,954.5295422752114,1031.6077387297833,0
3190,954.3863557126177,954.6792321928908,954.6308282533482,1031.6077387297833,0
3195,954.9257283716826,955.8170602083123,954.17521054478,1031.6077387297833,0
3200,954.8952840753475,955.0318770543095,954.2812859812864,1031.6077387297833,0
3205,954.7449645491351,954.9112085420613,955.3211184205877,1031.6077387297833,0
3210,954.8253163891446,954.8920055746019,955.2694620239345,1031.6077387297833,0
3215,954.9083983034585,954.4784393952527,954.366051031456,1031.6077387297833,0
3220,954.983905795189,954.8258783377443,955.0084529858583,1031.6077387297833,0
3225,954.5128817607916,954.4783458052544,954.4336118871414,1031.6077387297833,0
3230,954.5516323933394,954.1147936342398,955.0062980292794,1031.6077387297833,0
3235,954.4425957685006,955.4562389681029,954.8366491470749,1031.6077387297833,0
3240,954.4439059319963,955.1948466758297,954.7924435471991,1031.6077387297833,0
3245,954.3684838048399,954.1807288792346,954.8034945634327,1031.6077387297833,0
3250,955.0720754336,954.7908514727217,955.387970652871,1031.6077387297833,0
3255,955.0927850102846,954.9850300664233,954.3507996963099,1031.6077387297833,0
3260,955.4844681417032,955.4814669543048,955.3093991473886,1031.6077387297833,0
3265,955.3561842032173,955.6597889573048,955.0746055147191,1031.6077387297833,0
3270,954.790195914186,954.959078813445,954.79281815373,1031.6077387297833,0
3275,955.4694623932437,955.3502772199704,954.8460152657558,1031.6077387297833,0
3280,955.0676712502952,954.2387220164159,954.4192941757834,1031.6077387297833,0
3285,955.4810918072056,955.3900335634003,955.0093899265347,1031.6077387297833,0
3290,954.4097492735245,954.4221951152792,954.818292087458,1031.6077387297833,0
3295,954.6107004004572,955.169633822674,955.0089214559666,1031.6077387297833,0
3300,955.3464330320155,954.8501364161868,955.3304002890059,1031.6077387297833,0
3305,954.7853260789605,954.0673820056293,954.8129536872967,1031.6077387297833,0
3310,955.4745267806558,954.8740210567041,955.1253973860826,1031.6077387297833,0
3315,955.3019927150079,954.8935979864381,954.778208716835,1031.6077387297833,0
3320,955.364716641311,954.9478368312341,954.5732554906866,1031.6077387297833,0
3325,954.9825004598687,954.8104249922657,954.9256346939472,1031.6077387297833,0
3330,955.0247560159386,954.4698291922421,955.1382367771928,1031.6077387297833,0
3335,955.7386996247446,954.6148195198789,954.017357092517,1031.6077387297833,0
3340,954.4512990648506,954.9264777942269,954.5940370528473,1031.6077387297833,0
3345,954.5862672637888,955.0258803833582,954.4197620680578,1031.6077387297833,0
3350,955.4177899531834,955.3742806541796,955.8776929014838,1031.6077387297833,0
3355,955.2653372530829,955.4508934320417,955.3653729890157,1031.6077387297833,0
3360,954.5868289310458,954.7241764151277,955.9112976139868,1031.6077387297833,0
3365,955.7173051954939,954.4897639205102,955.1001881990437,1031.6077387297833,0
3370,955.6946919497259,955.0181972587558,954.8613760981744,1031.6077387297833,0
3375,954.9314427482939,955.1248350848728,955.1383304966452,1031.6077387297833,0
3380,954.949523111692,955.774452979814,954.928351355734,1031.6077387297833,0
3385,954.7039509914526,954.7848578281913,955.5053831898887,1031.6077387297833,0
3390,954.9933684940336,955.1533258459027,955.0469627626837,1031.6077387297833,0
3395,954.5188719911481,954.8310295640634,954.5589335893925,1031.6077387297833,0
3400,955.0500549232547,954.253969769551,954.5202759622637,1031.6077387297833,0
3405,954.7089136318136,955.1945654842543,955.7638486873369,1031.6077387297833,0
3410,955.0776041467369,955.0218514123582,955.6010601061578,1031.6077387297833,0
3415,955.136081234866,955.9232194065969,954.3244151019682,1031.6077387297833,0
3420,954.984280551973,954.93500255846,955.4777154965693,1031.6077387297833,0
3425,955.4397336460336,954.9818446381347,954.9925252756348,1031.6077387297833,0
3430,954.9939306404599,955.1986896439521,955.109372061048,1031.6077387297833,0
3435,955.0836014672619,954.9087730009833,954.0844010224723,1031.6077387297833,0
3440,955.40784997959,955.6502192273064,954.9723821676597,1031.6077387297833,0
3445,955.5438392553276,954.9965539992004,971.0288807401013,1031.6077387297833,0
3450,955.4643042760665,954.9693841963297,955.4056932201743,1031.6077387297833,0
3455,955.1353314832937,954.7269855695253,954.5327246868187,1031.6077387297833,0
3460,955.2838052544134,954.7451518337364,955.4843743543115,1031.6077387297833,0
3465,955.0851945181867,954.4978129200148,954.9570177635582,1031.6077387297833,0
3470,954.7548907342464,954.5262662854284,954.4444674317382,1031.6077387297833,0
3475,954.5295422752114,954.9970224576351,954.0624260324582,1031.6077387297833,0
3480,955.2559629063472,954.988121825967,954.464588275161,1031.6077387297833,0
3485,955.1443285798474,954.9564556605875,954.9409980882062,1031.6077387297833,0
3490,955.2663684424563,955.1166817917299,955.5246108356822,1031.6077387297833,0
3495,954.3879464384196,954.9768791599486,954.4109657700596,1031.6077387297833,0
3500,954.8956587625804,955.0380612001021,955.0735747393118,1031.6077387297833,0
3505,954.8197905964789,955.0347817188742,954.8909751933029,1031.6077387297833,0
3510,954.7393460452674,955.5532192530566,955.447986235786,1031.6077387297833,0
3515,954.9217002456597,955.3941594111849,954.4094685439953,1031.6077387297833,0
3520,955.6278906026276,952.9631931317969,955.4510809936979,1031.6077387297833,0
3525,954.864560722845,955.1013127440858,955.4568954415678,1031.6077387297833,0
3530,954.5157832692316,954.5760637570219,955.4702126694726,1031.6077387297833,0
3535,955.4210720653572,954.9632009399086,955.2213731588872,1031.6077387297833,0
3540,955.6200101606811,954.9719137333985,955.3910650220056,1031.6077387297833,0
3545,954.220481479503,954.9051197126608,955.0215703226268,1031.6077387297833,0
3550,955.6777092613083,955.8559168075683,954.9378129536547,1031.6077387297833,0
3555,954.8544449296738,954.9984278356965,955.0598937491924,1031.6077387297833,0
3560,955.0088277619082,954.6385987678289,954.6283005228939,1031.6077387297833,0
3565,954.9354709565104,955.5887711161012,954.7253937133369,1031.6077387297833,0
3570,955.3735305286028,954.6921532233742,964.5567101934437,1031.6077387297833,0
3575,955.2491197494082,955.5021004984304,955.6559422780929,1031.6077387297833,0
3580,955.3113679651914,954.9887776563227,954.5150344911713,1031.6077387297833,0
3585,954.5681070453197,954.9940243315954,954.8188540277897,1031.6077387297833,0
3590,954.2280582332403,954.9028715491258,955.5177638291951,1031.6077387297833,0
3595,955.4724635052295,955.4048492734883,955.5606295814708,1031.6077387297833,0
3600,955.3249624048195,954.9924315847934,955.0824769639263,1031.6077387297833,0
3605,954.6069557772846,955.531739330258,955.0726376726902,1031.6077387297833,0
3610,955.4860625301773,954.4140538136536,954.0419481232018,1031.6077387297833,0
3615,955.4920649815674,954.4185455490988,954.50754677518,1031.6077387297833,0
3620,954.4198556465676,954.7630378517199,955.1831305004501,1031.6077387297833,0
3625,955.4172273076464,954.8713983711111,954.1114269726498,1031.6077387297833,0
3630,954.7207118141374,954.4130244635686,955.3424951154566,1031.6077387297833,0
3635,955.2492134906217,954.5350647088917,955.0257866859721,1031.6077387297833,0
3640,955.3604972847434,955.0107016465702,954.9079299319665,1031.6077387297833,0
3645,955.3933154848754,955.3995043124346,953.9325604860047,1031.6077387297833,0
3650,955.3965974288985,955.2245601853168,955.8027009602354,1031.6077387297833,0
3655,954.2191719293236,953.9617280698453,954.4701099572814,1031.6077387297833,0
3660,955.1238042010409,954.293728472831,954.5380599538863,1031.6077387297833,0
3665,954.9511157153703,954.511852197521,954.4626229460938,1031.6077387297833,0
3670,955.4623348278357,954.8224129985834,954.9888713464468,1031.6077387297833,0
3675,954.5464841812156,955.3408074468693,955.475370850444,1031.6077387297833,0
3680,954.1284475609249,954.6033047979763,954.5683878681804,1031.6077387297833,0
3685,955.4501431861529,954.9636693656222,955.1160257856884,1031.6077387297833,0
3690,955.7611272696889,954.9549567225679,955.0740432733119,1031.6077387297833,0
3695,955.1404860491242,955.3302127747274,954.9513967636299,1031.6077387297833,0
3700,955.0435895194425,953.0349409215139,955.344745349515,1031.6077387297833,0
3705,954.559776042278,954.6604130567906,954.9545819887982,1031.6077387297833,0
3710,955.1118086255101,954.3978652012688,954.7382223524291,1031.6077387297833,0
3715,954.5107290401222,972.7227012363097,954.8375857506744,1031.6077387297833,0
3720,954.6745507464243,955.3778437667553,955.4069122569084,1031.6077387297833,0
3725,955.2406831155297,955.6688897606905,955.0034872309659,1031.6077387297833,0
3730,954.4533579323636,954.972007420214,954.8992183059587,1031.6077387297833,0
3735,954.9750990954365,955.0409659022844,954.9692905100288,1031.6077387297833,0
3740,955.5447772468135,954.9496167941144,954.0699067664751,1031.6077387297833,0
3745,954.7029210159561,955.1038429801125,955.1013127440858,1031.6077387297833,0
3750,955.0741369801672,954.800965918504,953.9922998557876,1031.6077387297833,0
3755,954.9252599831897,954.8526653215638,955.7810221285864,1031.6077387297833,0
3760,955.4824048233415,954.8548195848581,954.9915883680493,1031.6077387297833,0
3765,954.184563691615,955.8974048765198,954.5798081378388,1031.6077387297833,0
3770,954.8126727205207,956.5895286370354,954.8517286883807,1031.6077387297833,0
3775,954.3612790889198,955.8088950927663,955.6156947356423,1031.6077387297833,0
3780,955.4429221297199,955.4794974353206,955.0711383699207,1031.6077387297833,0
3785,955.0561456011227,954.7719342882305,954.015861101139,1031.6077387297833,0
3790,954.6650007379974,955.0600811573682,955.8772235786536,1031.6077387297833,0
3795,954.5949731805485,954.827002236928,954.928351355734,1031.6077387297833,0
3800,954.6546082988629,955.0454635405237,954.8458279415815,1031.6077387297833,0
3805,955.0730124991181,955.0165107357554,954.3913150517398,1031.6077387297833,0
3810,954.9729442893795,955.0363746069434,955.1154634955128,1031.6077387297833,0
3815,954.1629581998611,953.9891210467065,956.1172015242469,1031.6077387297833,0
3820,954.8879777330768,954.9223559847894,954.8763627524436,1031.6077387297833,0
3825,954.6305473937476,954.9092413733027,954.1681958049855,1031.6077387297833,0
3830,954.7352258511253,954.0168895947073,955.3115554720719,1031.6077387297833,0
3835,954.2577116239237,957.0626990346054,953.5597091552844,1031.6077387297833,0
3840,954.4331439812876,955.0166981269057,955.0367494049083,1031.6077387297833,0
3845,955.1070292223275,955.404474186551,954.544144103153,1031.6077387297833,0
3850,954.7410315894842,955.4885948051608,954.998708911805,1031.6077387297833,0
3855,954.7914133807546,954.5893564418818,955.2188423001072,1031.6077387297833,0
3860,955.1217424400531,955.2419017312151,954.8752387370552,1031.6077387297833,0
3865,954.49154217616,957.120101943294,955.1909100088402,1031.6077387297833,0
3870,955.0036746170055,956.2056744903726,954.6327942751783,1031.6077387297833,0
3875,954.965730444221,954.4443738484019,955.2408705946634,1031.6077387297833,0
3880,955.2682433379301,954.8843246038693,955.3968787394355,1031.6077387297833,0
3885,954.1642675957517,954.542740061823,954.6563871687906,1031.6077387297833,0
3890,955.3839386261951,955.8920544029093,951.5668719151749,1031.6077387297833,0
3895,953.9850073252245,954.6088280851985,954.9516778120548,1031.6077387297833,0
3900,954.9746306585099,954.160713529553,955.0228820761223,1031.6077387297833,0
3905,955.7874036738622,954.5270150811106,954.9918694401318,1031.6077387297833,0
3910,954.6407520653102,954.1521090578746,954.9897145583931,1031.6077387297833,0
3915,954.8649353859674,954.0190400884252,954.7136890514364,1031.6077387297833,0
3920,954.8973448587674,954.9853111346455,955.0196963953125,1031.6077387297833,0
3925,954.9874659965121,954.4163932539224,954.535532714683,1031.6077387297833,0
3930,954.7249255213504,955.4228537928377,955.1784441107741,1031.6077387297833,0
3935,955.1000944870764,955.1005630470969,954.8726160447733,1031.6077387297833,0
3940,954.750208545741,955.4889699581516,955.6386795136837,1031.6077387297833,0
3945,955.1933469893411,954.9025905294283,954.984280551973,1031.6077387297833,0
3950,954.4035732620291,955.6414002340641,953.9491072617687,1031.6077387297833,0
3955,955.4459230749826,953.8969447976306,955.064016746049,1031.6077387297833,0
3960,954.4698291922421,956.8315573503403,954.4321145900242,1031.6077387297833,0
3965,954.4239731191705,954.374472222933,954.8709300359141,1031.6077387297833,0
3970,954.3449051391013,955.0726376726902,955.1054360985626,1031.6077387297833,0
3975,954.0671014774714,952.252177605719,953.8374977622055,1031.6077387297833,0
3980,954.7093818080959,955.3047115186167,954.5579975323745,1031.6077387297833,0
3985,954.5316950807413,954.4386652995956,954.9817509493892,1031.6077387297833,0
3990,955.1973774074579,954.8294373609027,956.449858398247,1031.6077387297833,0
3995,955.2328090583599,953.9065729235242,954.550696350641,1031.6077387297833,0
4000,955.7524000693575,954.3455600863065,955.6485304713194,1031.6077387297833,0
4005,955.0120133702089,954.7381287114787,954.522990318132,1031.6077387297833,0
4010,955.5820169966222,953.0814101435,955.5666329697747,1031.6077387297833,0
4015,954.44381234877,955.3529962984235,954.8735527189343,1031.6077387297833,0
4020,955.5671019876629,956.1150415610332,954.972007420214,1031.6077387297833,0
4025,954.2802569175657,953.763199386723,954.7478674687096,1031.6077387297833,0
4030,954.9604840798323,956.3359718172234,955.0079845162096,1031.6077387297833,0
4035,954.3490219650386,956.2980156502985,955.5785461668063,1031.6077387297833,0
4040,954.8115488550704,953.5443901737553,954.7381287114787,1031.6077387297833,0
4045,954.6380370396486,955.4260421638623,956.3614342018237,1031.6077387297833,0
4050,955.3342443479343,955.9261294956143,955.8382713902467,1031.6077387297833,0
4055,955.3167119401342,955.5223597542289,954.2883959367246,1031.6077387297833,0
4060,955.2813678123199,954.4457776003725,954.2628567216022,1031.6077387297833,0
4065,954.9943990963209,953.4652810733694,955.2890551719387,1031.6077387297833,0
4070,955.4606467358145,956.3972341648649,955.0404037004831,1031.6077387297833,0
4075,954.9337847256796,954.0261461366142,953.3648958612868,1031.6077387297833,0
4080,954.3341454208557,956.5586021679721,955.2030950356944,1031.6077387297833,0
4085,954.483680464447,956.4944995643122,955.3366820598693,1031.6077387297833,0
4090,954.9261030828077,956.3888712039219,955.0241938332214,1031.6077387297833,0
4095,955.023444257295,956.3313680621625,954.0714964375669,1031.6077387297833,0
4100,954.4669279631747,956.0300594502667,955.6874671963552,1031.6077387297833,0
4105,955.0442454259843,953.9051707571763,954.9307869966842,1031.6077387297833,0
4110,954.9895271778321,955.2729306088129,955.2314029903824,1031.6077387297833,0
4115,955.0198837877128,955.2603688263973,955.1055298115782,1031.6077387297833,0
4120,955.706045354295,952.8130149229655,953.0007917315307,1031.6077387297833,0
4125,954.8835752474868,954.4710458419387,954.4981872953886,1031.6077387297833,0
4130,954.2349803109662,955.411132023471,955.4408589907869,1031.6077387297833,0
4135,955.0650475008252,953.9578015604355,955.63004836535,1031.6077387297833,0
4140,955.0602685656174,956.0483692359309,956.5758041820741,1031.6077387297833,0
4145,955.0168855181297,953.343514207569,954.4054447722234,1031.6077387297833,0
4150,954.6100450892812,954.3193628992665,955.8262578618668,1031.6077387297833,0
4155,955.1539819031831,955.5471222335852,954.874583062634,1031.6077387297833,0
4160,954.8085518934707,954.4841484198525,954.5786848205092,1031.6077387297833,0
4165,954.983905795189,955.0625174703459,955.0575511532013,1031.6077387297833,0
4170,955.8129307071524,955.0943780918453,955.3817819747342,1031.6077387297833,0
4175,955.0097647033201,953.7242324137592,954.8985625986056,1031.6077387297833,0
4180,955.051460457406,959.1109647620233,955.1105903417252,1031.6077387297833,0
4185,954.1491162345369,956.2899362611305,955.3321816783216,1031.6077387297833,0
4190,955.4618659127872,955.2192172413024,955.3866578962633,1031.6077387297833,0
4195,954.5718513637152,956.9556280763044,955.3840323938709,0,0
4200,955.3415575210608,955.2723681338783,948.8698909783602,954.5896372772453,0
4205,954.6058323960614,954.8517286883807,941.7624786857378,954.9708831796418,0
4210,954.7979690233391,954.3399462822898,955.6007786753684,954.537591945617,0
4215,955.3130555297668,954.9574861832057,965.7753277269527,953.9030207767822,0
4220,955.214061825669,954.5198079714331,939.2692115514056,954.5795273082585,0
4225,955.4583021734584,951.5619418860607,959.6636395434905,954.9615146111449,0
4230,954.9764107212756,953.917977362928,950.1540470187967,954.9012791063599,0
4235,955.1156509254979,954.4686125456471,948.6138459676397,955.5495610320371,0
4240,954.6732399496412,955.1884730407744,959.867471958585,954.3202984883234,0
4245,954.8319661566386,956.6197990325755,956.4302176052418,955.3969725096512,0
4250,955.2482760793145,954.8057422590576,958.9572367941447,955.1514514014963,0
4255,955.5858630807321,953.7639469856797,959.4427769135398,954.3067326265401,0
4260,954.8690566997203,955.2280284441251,939.1969190790844,954.852384331416,0
4265,954.6538593029817,954.0906664178426,960.7511783055575,955.5161693349216,0
4270,954.1830671757992,951.9652568224012,948.1219322477847,955.5581907265193,0
4275,954.6473056391554,952.9963133307597,959.23033397957,954.3791507268593,0
4280,955.185661169996,957.285291345273,938.8304054859608,954.6061132411193,0
4285,955.3373383690542,954.5837397693115,949.3954517214776,954.0091291979977,0
4290,955.0274732417346,956.1984420092292,955.6916894415535,955.3998793954697,0
4295,954.539838389496,957.1802412278566,954.0826242835379,954.4027310848363,0
4300,954.7470246837888,958.1776401238886,958.4747359832911,954.6704311115125,0
4305,955.356277965445,952.7823321567914,958.921528315615,956.003018588044,0
4310,955.4311060909929,955.6264833713192,951.0068498242969,954.4067548337264,0
4315,954.7099436202406,953.6048282836418,955.389377181811,955.2475261515931,0
4320,954.8542576021919,951.482975363651,959.484955239834,954.5988113233193,0
4325,954.4661792617622,956.1566460470731,959.3000979181745,955.7864652059772,0
4330,955.0115448970672,957.5010175762818,957.5326643437552,954.4473685242635,0
4335,955.3724053424463,955.3936905630511,957.9584036152286,955.948190424114,0
4340,955.170196176633,954.8417068283414,950.0760558142804,955.0166981269057,0
4345,955.1791002025606,956.1968452424219,955.2091876657024,954.9013727793168,0
4350,954.9389371163644,953.574374738996,939.0049400800019,955.6313617909084,0
4355,954.6754870320445,957.2754066149982,950.6514144547559,954.9995521411234,0
4360,955.5383051430442,955.6349268213378,955.4147891846436,955.4009108753347,0
4365,955.5012563814154,954.919358327548,954.4625293591973,955.5632560545718,0
4370,954.7740881872618,953.7783384940261,958.3701795021292,954.1288216466081,0
4375,955.4718070103718,958.0131797652546,958.6135822341097,954.6711801333973,0
4380,954.6856926644133,955.6509697874384,953.7392768389126,956.043580455031,0
4385,954.689250642589,953.9764060222219,959.1712599881894,955.0029250732888,0
4390,955.3490583277571,954.7414997972675,951.4079274611095,954.893691657888,0
4395,954.4044154407084,954.860533112847,953.7027412011382,954.5351583100131,0
4400,954.6428117502514,953.6326678881804,951.1337824278601,955.5262053581289,0
4405,955.716273032338,956.4157459581347,956.5095375269287,954.7138763237675,0
4410,955.1469527649374,953.7262881457214,970.9983787305118,955.3627476036081,0
4415,955.0010512191443,955.4357949602726,954.9603903952777,954.4786265753041,0
4420,954.6887824860505,953.0249571619988,969.4196513388277,954.6033984124816,0
4425,954.5605248905358,955.8570431329211,956.9684226421385,955.8383652471259,0
4430,955.2957114003311,956.9518650338158,956.4712856379109,954.8682137008312,0
4435,954.2814730840195,955.0036746170055,955.8580756001597,955.10974691631,0
4440,954.7682820468658,953.7744134941322,956.1840712999477,954.9179531821945,0
4445,955.589052539818,954.3363909072389,954.4442802650842,954.6379434183496,0
4450,954.9090540243196,952.9949138391507,972.0925098504082,955.0712320762059,0
4455,954.7412188725425,955.4254795086059,955.5129803623392,953.035407457448,0
4460,954.3846714204898,956.9867683886504,958.8569197329613,954.8570675221374,0
4465,954.9369698333594,955.6065011340044,955.3032114871256,954.989246107128,0
4470,954.8906005097455,955.4476111149773,956.185949799495,955.4364514056443,0
4475,955.4327003013842,957.1178433380687,934.4925090369438,955.0453698392948,0
4480,954.883387908575,955.4768714226385,954.9706958064703,952.3431045236088,0
4485,955.1289586424533,954.4002045621759,954.9939306404599,954.9730379763973,0
4490,954.8534146294332,954.8367428073522,956.0304350285681,954.562771442359,0
4495,954.5257982887236,953.4734061966108,955.0154800857432,955.6279844181955,0
4500,954.9806266858758,953.4938597060899,957.1303599095048,954.9735064117615,0
4505,954.9982404517158,953.8305814499823,954.9752864703358,954.8777677754002,0
4510,954.5337542951172,954.9324732169284,958.8538028723683,955.4375767426659,0
4515,955.4962855003571,955.2235290862036,955.0185720424538,955.3325567084978,0
4520,955.4803415138911,953.0866358816226,956.0833945234185,954.913925121767,0
4525,954.9208571538162,953.8953557081601,955.4594275619532,956.4944995643122,0
4530,954.9646999038096,954.8371174486449,952.9435086958458,954.593194539486,0
4535,954.9851237558124,956.9430220004596,959.401453316008,955.2849302318826,0
4540,954.6855990337667,956.5590721601365,954.7804562934109,954.7266110146504,0
4545,955.6753636335523,954.5916031294169,955.5739497012609,954.0569090662818,0
4550,954.1383609306398,956.0119381478311,954.2390961885748,955.1930657986485,0
4555,954.8334647085804,953.7881511350947,950.8508787764414,955.9820817489515,0
4560,954.7114417891925,955.2004705421039,955.5043514844283,955.4084126140823,0
4565,954.494349961729,956.2806357379809,950.8889610888184,954.8703680342842,0
4570,954.791694335019,954.0790708255213,955.4936593953947,954.58757782175,0
4575,955.1139640582818,955.1204304149679,955.6459035294255,955.1246476512832,0
4580,954.6850372502734,957.0350351736028,953.4235369339552,954.4308980395755,0
4585,954.4925716956171,954.8312168824315,955.3038677503234,954.539557583433,0
4590,955.2850239801246,953.2290593059552,959.5896605208146,955.2772429386514,0
4595,955.0353439140565,956.0250830656307,954.9893397973442,955.4714318708579,0
4600,954.5969390546974,956.42439130504,955.9670603666422,955.590553469108,0
4605,955.7268762691226,955.8683065324426,953.6561179438013,955.0137935723394,0
4610,955.6938474923955,953.181642325792,953.2204716290212,954.6786704168906,0
4615,954.7203372641851,956.6452765333833,955.3535588683116,955.3760622071452,0
4620,955.055489678235,955.4129137138782,955.941900608815,955.7922837365722,0
4625,955.0863190279216,954.590760620352,954.4898575127477,954.8051803341592,0
4630,954.5397447874568,953.9809871316896,955.6358649916613,956.4897063131083,0
4635,954.984655309051,955.6106288516336,954.1147001155415,954.2158045310825,0
4640,955.1682279406735,953.9728533553745,955.5245170404099,955.364247822074,0
4645,955.7342892912171,954.0645767314729,954.0060437741424,954.9726632284369,0
4650,954.8617507587979,952.5038528716736,954.4396011225892,955.5084783196371,0
4655,955.1871608323511,956.0044269285241,953.1153784656617,954.7713724031249,0
4660,954.4790945257544,954.4761932403604,954.3904728961803,954.8374920902318,0
4665,954.7621013943632,954.9476494671063,954.8359935256486,955.3480269598522,0
4670,955.5432764613199,955.4393585317048,955.0880995070838,954.9691031374825,0
4675,955.1939093712224,955.437107851918,955.3298377463917,954.6683713073895,0
4680,954.9968350742059,952.8866989364442,955.5214218067539,955.1716020644274,0
4685,954.9573924992395,956.0374771763595,956.3086317994221,954.1152612280065,0
4690,954.750302189061,955.404474186551,956.3068467667136,954.9320048218187,0
4695,954.39721018227,956.6972698873841,954.3686709417676,954.5275766786433,0
4700,955.0456509430362,954.4289328492484,955.4799663676756,953.9085359633366,0
4705,954.9867164782381,955.7378550896415,956.9917547900434,954.9569240796837,0
4710,954.8861043299914,954.4329568190745,952.4038563612378,954.8230686013603,0
4715,954.928351355734,956.3881194842596,957.2605328341366,954.9754738453087,0
4720,954.5363751262638,955.4589586497583,955.5006936375673,954.8975322031557,0
4725,954.1257354484949,953.9745361942669,954.8792664711115,954.9440895626493,0
4730,955.0390918988539,955.0604559739404,955.5392431236654,955.2701182407633,0
4735,954.7568572671133,952.9881963366428,954.9097097460816,955.1928783382789,0
4740,954.9921505123799,957.0351292656576,952.731416182247,954.2887701478403,0
4745,955.1283026195475,956.1646292631528,953.6208965818772,954.565766861239,0
4750,955.4003482496778,956.5046501372126,955.1794751125575,955.1191183934876,0
4755,954.965917815444,955.8666170055923,955.217904948407,955.0109827299036,0
4760,955.1268968592125,954.9232927565371,953.3866519780686,955.2353399911506,0
4765,955.1351440455846,955.6375537028852,953.3517306247913,954.9528956904738,0
4770,954.4921037319522,957.4032648815542,954.9286323905943,954.167354043141,0
4775,955.3292752044398,956.4198806697631,953.3640555161785,954.9079299319665,0
4780,954.5345967035591,955.0255992912549,954.369419490213,955.2507133525406,0
4785,954.2397509905591,952.855731608332,953.6387405010909,954.6601321797816,0
4790,955.2980551648038,956.0486509304188,954.8842309342572,955.0552085687018,0
4795,954.4046025917276,955.2564316193144,953.4297936526203,954.7889784507227,0
4800,954.945775829873,954.980532997369,956.8695558832413,955.8799456574841,0
4805,955.4390771961514,954.9409044074749,956.003206366535,954.6728654369358,0
4810,955.098501386446,956.9715272574873,955.6122236611767,955.9271621121055,0
4815,955.1089972060803,953.8392735882835,953.0914884040484,954.4505503879572,0
4820,954.9424033013809,953.9756580901603,954.4604704521164,955.4079437519594,0
4825,955.0231631666259,956.3738370351973,953.1634421788503,954.4165804096393,0
4830,955.3731554662562,954.6469311467976,955.4761211359522,954.353606653907,0
4835,955.3408074468693,954.6141642030474,955.0421840084581,954.5661412899208,0
4840,955.2072192690473,961.4345544504972,956.4574705971247,954.8143585236568,0
4845,954.799280162659,954.9792213602063,956.1387077772579,954.8354315651425,0
4850,955.1574496494936,955.4472359944631,956.4711916566936,955.2940238970318,0
4855,954.765566295759,954.729794740454,955.7759544915722,955.3544027243863,0
4860,955.1838803270657,956.8668281652349,955.0696390718584,955.3067740696087,0
4865,955.3599347066835,953.5332748794475,955.5748877518625,954.8504174050116,0
4870,956.1121303217085,956.8185783449558,953.9782758575068,954.3281575088279,0
4875,955.0125755385858,955.0762922429122,954.9694778826488,955.0393729988998,0
4880,955.3597471808108,955.9613335889306,953.3726457804478,954.3167432596658,0
4885,954.4928524740365,953.053602715162,955.1751636653623,954.9322858588292,0
4890,954.9708831796418,953.0463245287052,955.758218185203,954.6554509206339,0
4895,955.0431210153213,954.053823333363,952.9827850840481,954.8948157167197,0
4900,954.8738337215409,956.7161694147044,952.9676712212898,954.5884203251968,0
4905,954.6165982415275,953.953781596193,955.1151823506734,955.0376864011075,0
4910,954.972007420214,953.5343957377135,955.0202585727345,955.5662577557958,0
4915,955.5459966384985,953.3830103270976,955.5610047910299,954.0985216566535,0
4920,955.3404324102152,954.9533641060777,954.7975007601692,955.8191249722732,0
4925,955.4327003013842,955.2980551648038,956.1900825244796,955.0691705421793,0
4930,954.5100738661937,954.3788700153301,956.3308043400989,954.4025439345509,0
4935,954.8085518934707,955.8921482703512,956.4679023257162,954.9084919778122,0
4940,954.7189327044816,954.483867646554,955.4486426979104,955.563725069145,0
4945,955.5150438127561,954.8395526242145,956.06451998799,954.6060196260815,0
4950,955.1484523057487,955.1361749538953,954.5072659881156,954.5089507129801,0
4955,955.3191495625954,962.931285966155,955.9629295692652,954.9334100085259,0
4960,955.7339139455623,962.8989003516854,953.8471246880775,957.9524277957071,0
4965,954.7710914608202,955.3107116916887,954.0514856701982,954.9407170460677,0
4970,954.8884460849965,954.5120393906776,955.1141514876782,952.9922081670283,0
4975,954.8494807762388,955.2815553074239,954.5143793113323,956.3875556952886,0
4980,955.0850071001552,955.4961917106455,956.4478848849838,955.05801967148,0
4985,955.0392792988662,954.9148618769734,954.0069787489606,954.9406233653915,0
4990,955.0228820761223,954.9558935582787,957.0937522122501,954.5158768665718,0
4995,954.9920568216121,954.9676041597585,955.0638293363285,955.4414216641577,0
5000,955.0270984510504,955.3887208011236,955.8925237403031,956.4120811299867,0
5005,954.9792213602063,954.5213055437068,955.0997196393911,954.5877650446098,0
5010,954.9359393550203,954.9470873751644,953.7068524886303,955.3888145697379,0
5015,955.1192121091881,955.1940968319967,955.3304002890059,953.8843257036353,0
5020,954.721180001991,955.2485573025134,952.9508786026938,955.041059602649,0
5025,954.7162172341067,955.225685023252,954.8090201674804,956.0650833961673,0
5030,955.3965036587564,955.0918479059666,957.8402932366583,954.5359071196465,0
5035,954.9020284905293,955.316336922398,953.7868427712864,955.5292068265829,0
5040,955.2249351310008,955.4248230783107,954.9622640898602,955.5238604740192,0
5045,955.4440474819844,954.5550957672859,954.9759422830625,957.0694741015003,0
5050,954.6015261258661,955.0841637199226,955.3439952703177,955.1199618354541,0
5055,955.024662318773,954.7984372869686,955.018759434413,955.4779968548777,0
5060,955.0196026991397,954.838335034877,955.914019886888,956.5443146266068,0
5065,954.9184215635196,954.211595316703,957.3016722048859,954.3387299667911,0
5070,954.7838276781159,954.966948358484,953.3275486199933,955.0155737811068,0
5075,954.9912136055298,955.1685091167425,954.4571949364307,954.8731780490493,0
5080,954.919358327548,954.5950667934196,954.5004335537988,955.7842128905722,0
5085,954.7165917808263,955.1369247067918,952.9789599253221,955.4950662355436,0
5090,954.8695250330795,954.8577231725045,955.4926277152518,953.331936769136,0
5095,954.8993119785114,954.9998332178941,953.0966209334618,953.946863597516,0
5100,954.8372111090142,955.1546379613646,954.498280889278,957.3125930894156,0
5105,954.66940120834,947.8042644716836,954.5240199054307,962.4778637261438,0
5110,954.8706490350164,954.7096627140855,954.957767235215,954.9589851291662,0
5115,954.7814864362116,954.9097097460816,955.7683531368094,955.3821570438541,0
5120,955.2678683582466,955.149295799524,954.9903703909363,957.2782308028179,0
5125,954.9596409195035,955.3971600501379,955.1838803270657,955.0812587549675,0
5130,954.7444026957727,954.6426245057987,956.2702080938177,953.4206420620611,0
5135,954.7857006799064,955.099625927516,956.9031363066478,954.0880480336492,0
5137.356,954.9192646510625,955.4449852775631,955.3283376359926,955.004705241537,0
5142.356,954.388227155288,954.9685410202844,955.9209664466227,954.9947738613404,0
5147.356,955.1482648628897,955.2996489312142,955.5141058796437,954.8454532934533,0
5152.356,954.893691657888,954.6954303519256,954.366051031456,956.2331964903412,0
5157.356,954.7734326517452,955.0517415647328,953.5111384686273,954.4296814922284,0
5162.356,954.7467437558124,954.6092961633248,955.9322313526919,953.0756245717073,0
5167.356,954.987091237228,955.341276243101,952.4930414258018,954.8285007732889,0
5172.356,954.9339720843668,955.7507109522185,953.2681725309299,956.6928507026407,0
5177.356,954.957111447451,954.6148195198789,952.5182995832963,955.1525760672573,0
5182.356,955.0753551709583,955.510166580679,955.1491083563341,954.1454687564785,0
5187.356,954.7346640092251,954.4833996914239,955.9193706063996,955.7756729577583,0
5192.356,954.4195749110929,954.8190413413805,953.808244315858,954.0783227324695,0
5197.356,954.8168872395228,954.8935043150066,955.0964397346955,953.9373281421849,0
5202.356,955.0220388056043,955.0677649559002,953.0810368786839,955.223435350031,0
5207.356,955.1462967173131,955.6581001674958,953.3125171812583,955.791439106768,0
5212.356,955.0543652410954,954.9676978457285,952.9856772976175,953.6904075513365,0
5217.356,955.1211801431467,955.0083592918919,954.5366559304546,957.3324584406296,0
5222.356,955.2654309974793,954.4988424529994,954.4133051951899,955.2649622756808,0
5227.356,954.7576064246219,955.0478997789241,953.9305038647183,954.0115601520615,0
5232.356,955.0722628465566,954.5109162328386,953.9190991257964,954.6254919492001,0
5237.356,954.8759880803534,954.5738171426319,955.5767638585909,953.577270544524,0
5242.356,955.4919711926846,954.2007450686547,956.0564445437515,955.9914703526204,0
5247.356,954.8539766111069,955.344745349515,956.3897168899543,953.010401775251,0
5252.356,955.347933199244,954.9163606891266,955.0089214559666,953.5675556535155,0
5257.356,954.8803904959823,955.0571763389091,955.4768714226385,954.9161733373501,0
5262.356,954.6297984356213,955.3282438792489,955.7923775844205,954.8942536869731,0
5267.356,954.620811029768,954.5046453168138,956.4506102149658,954.8637177318944,0
5272.356,954.8443293508328,954.868307367301,954.1476198299086,955.5776081090221,0
5277.356,954.3308707721552,954.0642962049645,954.9955233922622,954.4032925361331,0
5282.356,955.3095866534966,955.3788751990401,955.5588473400893,955.1762883869653,0
5287.356,954.6672477816142,954.5578103211914,955.0568015249112,953.1278838973113,0
5292.356,955.3439015105009,955.103749267428,953.3474356617584,954.3715715735344,0
5297.356,955.0700138959327,954.9918694401318,953.0548157570458,954.5265470836716,0
5302.356,954.7966578876204,954.7832657790117,955.6147566049218,955.590553469108,0
5307.356,955.0035809239765,955.257087818241,956.5339752247119,956.9133896226879,0
5312.356,954.7192136160917,955.63211232142,956.818484295477,956.0007652519065,0
5317.356,955.2746180375914,954.9366887935918,957.4385778584923,954.5230839168854,0
5322.356,955.4749019225998,955.4357949602726,956.3702664895847,955.0508982432489,0
5327.356,954.7882292439805,955.3051802794239,955.3577781635922,954.5666093261863,0
5332.356,954.5436760889174,954.9085856521843,954.9576735511935,956.93088661434,0
5337.356,955.0649537957536,954.9210445074306,955.1869733742992,956.8649469894639,0
5342.356,955.3134305449266,954.7738072433588,955.0666404898556,955.8441844096428,0
5347.356,972.6614418511423,955.1282089020631,954.5320694826943,953.1416029199402,0
5352.356,955.1000007751277,954.7422489306756,955.6346453706001,954.477971445445,0
5357.356,954.825503705271,955.1809747554878,952.0475623959122,954.2417154019032,0
5362.356,954.7140635961723,955.5589411421014,954.6376625545623,954.2980319664767,0
5367.356,954.9292881392446,954.6767978349983,954.4905126589236,954.6470247698595,0
5372.356,955.0076097408215,955.2368398095033,954.1109593826417,954.0772005950918,0
5377.356,954.9327542542146,955.2302781389809,955.3667794514196,957.4977211583039,0
5382.356,954.8749577336216,954.9484926062601,954.7531114972046,953.5809136796862,0
5387.356,954.9674167878741,955.7177743613015,955.0106079521623,955.4251044054697,0
5392.356,954.3935608071639,954.1636128973572,954.8761754163618,952.5316282284826,0
5397.356,0,0,0,0,0
5402.356,0,0,0,0,0
5407.356,0,0,0,0,0
5412.356,0,0,0,0,0
5417.356,0,0,0,0,0
5422.356,0,0,0,0,0
5427.356,0,0,0,0,0
5432.356,0,0,0,0,0
5437.356,0,0,0,0,0
5442.356,0,0,0,0,0
5447.356,0,0,0,0,0
5452.356,0,0,0,0,0
5457.356,0,0,0,0,0
5462.356,0,0,0,0,0
5467.356,0,0,0,0,0
5472.356,0,0,0,0,0
5477.356,0,0,0,0,0
5482.356,0,0,0,0,0
5487.356,0,0,0,0,0
5492.356,0,0,0,0,0
5497.356,0,0,0,0,0
5502.356,0,0,0,0,0
5507.356,0,0,0,0,0
5512.356,0,0,0,0,0
5517.356,0,0,0,0,0
5522.356,0,0,0,0,0
5527.356,0,0,0,0,0
5532.356,0,0,0,0,0
5537.356,0,0,0,0,0
5542.356,0,0,0,0,0
5547.356,0,0,0,0,0
5552.356,0,0,0,0,0
5557.356,0,0,0,0,0
5562.356,0,0,0,0,0
5567.356,0,0,0,0,0
5572.356,0,0,0,0,0
5577.356,0,0,0,0,0
5582.356,0,0,0,0,0
5587.356,0,0,0,0,0
5592.356,0,0,0,0,0
5597.356,0,0,0,0,0
5602.356,0,0,0,0,0
5607.356,0,0,0,0,0
5612.356,0,0,0,0,0
5617.356,0,0,0,0,0
5622.356,0,0,0,0,0
5627.356,0,0,0,0,0
5632.356,0,0,0,0,0
5637.356,0,0,0,0,0
5642.356,0,0,0,0,0
5647.356,0,0,0,0,0
5652.356,0,0,0,0,0
5657.356,0,0,0,0,0
5662.356,0,0,0,0,0
5667.356,0,0,0,0,0
5672.356,0,0,0,0,0
5677.356,0,0,0,0,0
5682.356,0,0,0,0,0
5687.356,0,0,0,0,0
5692.356,0,0,0,0,0
5697.356,0,0,0,0,0
5702.356,0,0,0,0,0
5707.356,0,0,0,0,0
5712.356,0,0,0,0,0
5717.356,0,0,0,0,0
5722.356,0,0,0,0,0
5727.356,0,0,0,0,0
5732.356,0,0,0,0,0
5737.356,0,0,0,0,0
5742.356,0,0,0,0,0
5747.356,0,0,0,0,0
5752.356,0,0,0,0,0
5757.356,0,0,0,0,0
5762.356,0,0,0,0,0
5767.356,0,0,0,0,0
5772.356,0,0,0,0,0
5777.356,0,0,0,0,0
5782.356,0,0,0,0,0
5787.356,0,0,0,0,0
5792.356,0,0,0,0,0
5797.356,0,0,0,0,0
5802.356,0,0,0,0,0
5807.356,0,0,0,0,0
5812.356,0,0,0,0,0
5817.356,0,0,0,0,0
5822.356,0,0,0,0,0
5827.356,0,0,0,0,0
5832.356,0,0,0,0,0
5837.356,0,0,0,0,0
5842.356,0,0,0,0,0
5847.356,0,0,0,0,0
5852.356,0,0,0,0,0
5857.356,0,0,0,0,0
5862.356,0,0,0,0,0
5867.356,0,0,0,0,0
5872.356,0,0,0,0,0
5877.356,0,0,0,0,0
5882.356,0,0,0,0,0
5887.356,0,0,0,0,0
5892.356,0,0,0,0,0
5897.356,0,0,0,0,0
5902.356,0,0,0,0,0
5907.356,0,0,0,0,0
5912.356,0,0,0,0,0
5917.356,0,0,0,0,0
5922.356,0,0,0,0,0
5927.356,0,0,0,0,0
5932.356,0,0,0,0,0
5937.356,0,0,0,0,0
5942.356,0,0,0,0,0
5947.356,0,0,0,0,0
5952.356,0,0,0,0,0
5957.356,0,0,0,0,0
5962.356,0,0,0,0,0
5967.356,0,0,0,0,0
5972.356,0,0,0,0,0
5977.356,0,0,0,0,0
5982.356,0,0,0,0,0
5987.356,0,0,0,0,0
5992.356,0,0,0,0,0
5997.356,0,0,0,0,0
6002.356,0,0,0,0,0
6007.356,0,0,0,0,0
6012.356,0,0,0,0,0
6017.356,0,0,0,0,0
6022.356,0,0,0,0,0
6027.356,0,0,0,0,0
6032.356,0,0,0,0,0
6037.356,0,0,0,0,0
6042.356,0,0,0,0,0
6047.356,0,0,0,0,0
6052.356,0,0,0,0,0
6057.356,0,0,0,0,0
6062.356,0,0,0,0,0
6067.356,0,0,0,0,0
6072.356,0,0,0,0,0
6077.356,0,0,0,0,0
6082.356,0,0,0,0,0
6087.356,0,0,0,0,0
6092.356,0,0,0,0,0
6097.356,0,0,0,0,0
6102.356,0,0,0,0,0
6107.356,0,0,0,0,0
6112.356,0,0,0,0,0
6117.356,0,0,0,0,0
6122.356,0,0,0,0,0
6127.356,0,0,0,0,0
6132.356,0,0,0,0,0
6137.356,0,0,0,0,0
6142.356,0,0,0,0,0
6147.356,0,0,0,0,0
6152.356,0,0,0,0,0
6157.356,0,0,0,0,0
6162.356,0,0,0,0,0
6167.356,0,0,0,0,0
6172.356,0,0,0,0,0
6177.356,0,0,0,0,0
6182.356,0,0,0,0,0
6187.356,0,0,0,0,0
6192.356,0,0,0,0,0
6197.356,0,0,0,0,0
6202.356,0,0,0,0,0
6207.356,0,0,0,0,0
6212.356,0,0,0,0,0
6217.356,0,0,0,0,0
6222.356,0,0,0,0,0
6227.356,0,0,0,0,0
6232.356,0,0,0,0,0
6237.356,0,0,0,0,0
6242.356,0,0,0,0,0
6247.356,0,0,0,0,0
6252.356,0,0,0,0,0
6257.356,0,0,0,0,0
6262.356,0,0,0,0,0
6267.356,0,0,0,0,0
6272.356,0,0,0,0,0
6277.356,0,0,0,0,0
6282.356,0,0,0,0,0
6287.356,0,0,0,0,0
6292.356,0,0,0,0,0
6297.356,0,0,0,0,0
6302.356,0,0,0,0,0
6307.356,0,0,0,0,0
6312.356,0,0,0,0,0
6317.356,0,0,0,0,0
6322.356,0,0,0,0,0
6327.356,0,0,0,0,0
6332.356,0,0,0,0,0
6337.356,0,0,0,0,0
6342.356,0,0,0,0,0
6347.356,0,0,0,0,0
6352.356,0,0,0,0,0
6357.356,0,0,0,0,0
6362.356,0,0,0,0,0
6367.356,0,0,0,0,0
6372.356,0,0,0,0,0
6377.356,0,0,0,0,0
6382.356,0,0,0,0,0
6387.356,0,0,0,0,0
6392.356,0,0,0,0,0
6397.356,0,0,0,0,0
6402.356,0,0,0,0,0
6407.356,0,0,0,0,0
6412.356,0,0,0,0,0
6417.356,0,0,0,0,0
6422.356,0,0,0,0,0
6427.356,0,0,0,0,0
6432.356,0,0,0,0,0
6437.356,0,0,0,0,0
6442.356,0,0,0,0,0
6447.356,0,0,0,0,0
6452.356,0,0,0,0,0
6457.356,0,0,0,0,0
6462.356,0,0,0,0,0
6467.356,0,0,0,0,0
6472.356,0,0,0,0,0
6477.356,0,0,0,0,0
6482.356,0,0,0,0,0
6487.356,0,0,0,0,0
6492.356,0,0,0,0,0
6497.356,0,0,0,0,0
6502.356,0,0,0,0,0
6507.356,0,0,0,0,0
6512.356,0,0,0,0,0
6517.356,0,0,0,0,0
6522.356,0,0,0,0,0
6527.356,0,0,0,0,0
6532.356,0,0,0,0,0
6537.356,0,0,0,0,0
6542.356,0,0,0,0,0
6547.356,0,0,0,0,0
6552.356,0,0,0,0,0
6557.356,0,0,0,0,0
6562.356,0,0,0,0,0
6567.356,0,0,0,0,0
6572.356,0,0,0,0,0
6577.356,0,0,0,0,0
6582.356,0,0,0,0,0
6587.356,0,0,0,0,0
6592.356,0,0,0,0,0
